{"cameraMode":{"drawMode":0,"name":"Shaded","section":"Shading Mode"},"sceneLighting":false,"audioPlay":false,"sceneViewState":{"showFog":false,"showMaterialUpdate":false,"showSkybox":false,"showFlares":false,"showImageEffects":false,"showParticleSystems":false},"in2DMode":false,"pivot":{"x":291.8481750488281,"y":-8.476531028747559,"z":65.09305572509766},"rotation":{"x":-0.20710822939872743,"y":0.041659895330667499,"z":-0.008827748708426953,"w":-0.9773935675621033},"size":14.730387687683106,"orthographic":false}