{"cameraMode":{"drawMode":0,"name":"Shaded","section":"Shading Mode"},"sceneLighting":true,"audioPlay":false,"sceneViewState":{"showFog":true,"showMaterialUpdate":false,"showSkybox":true,"showFlares":true,"showImageEffects":true,"showParticleSystems":true},"in2DMode":false,"pivot":{"x":0.25919294357299807,"y":1.9947962760925294,"z":-1.219083309173584},"rotation":{"x":-0.0408671572804451,"y":0.9360268115997315,"z":-0.11600973457098007,"w":-0.32973772287368777},"size":10.0,"orthographic":false}